{"count":1,"self":123.68829439999999,"total":137.4678294,"children":{"InitializeActuators":{"count":32,"self":0.0015034999999999998,"total":0.0015034999999999998,"children":null},"InitializeSensors":{"count":32,"self":0.0064483,"total":0.0064483,"children":null},"AgentSendState":{"count":6871,"self":1.7479432,"total":1.7909118,"children":{"CollectObservations":{"count":21948,"self":0.0087625999999999989,"total":0.0087625999999999989,"children":null},"WriteActionMask":{"count":21948,"self":0.014758499999999999,"total":0.014758499999999999,"children":null},"RequestDecision":{"count":21948,"self":0.0194474,"total":0.0194474,"children":null}}},"DecideAction":{"count":6871,"self":11.2548072,"total":11.4064005,"children":{"RayPerceptionSensor.Perceive":{"count":21948,"self":0.1515936,"total":0.1515936,"children":null}}},"AgentAct":{"count":6871,"self":0.5723131,"total":0.5723131,"children":null}},"gauges":{"RabbitBehavior.CumulativeReward":{"count":4,"max":591.3733,"min":-50,"runningAverage":188.9376,"value":591.3733,"weightedAverage":168.345261},"RabbitFBehavior.CumulativeReward":{"count":3,"max":93.9978,"min":-29.8990555,"runningAverage":38.6168938,"value":93.9978,"weightedAverage":16.38472},"WolfFBehavior.CumulativeReward":{"count":3,"max":-0.191223145,"min":-65,"runningAverage":-26.7770748,"value":-0.191223145,"weightedAverage":-39.4490547},"LionFBehavior.CumulativeReward":{"count":2,"max":42.5,"min":-18.7861233,"runningAverage":11.8569384,"value":-18.7861233,"weightedAverage":27.1784687},"DeerFBehavior.CumulativeReward":{"count":3,"max":160.5782,"min":-9.469292,"runningAverage":75.09521,"value":160.5782,"weightedAverage":48.7262039},"DeerBehavior.CumulativeReward":{"count":2,"max":318.1795,"min":31.844986,"runningAverage":175.012238,"value":318.1795,"weightedAverage":103.428619},"LionBehavior.CumulativeReward":{"count":2,"max":52.2805939,"min":17.8598785,"runningAverage":35.0702362,"value":52.2805939,"weightedAverage":26.4650574},"WolfBehavior.CumulativeReward":{"count":3,"max":144.144333,"min":-25.5103779,"runningAverage":57.1844177,"value":144.144333,"weightedAverage":61.0199966}},"metadata":{"timer_format_version":"0.1.0","start_time_seconds":"1655099915","unity_version":"2020.3.32f1","command_line_arguments":"C:\\Users\\user\\Desktop\\프로그램 실행\\Zooheim.exe","communication_protocol_version":"1.5.0","com.unity.ml-agents_version":"2.2.1-exp.1","scene_name":"FinalTest","end_time_seconds":"1655100053"}}