{"count":1,"self":112.6317952,"total":127.8889315,"children":{"InitializeActuators":{"count":69,"self":0.0019992,"total":0.0019992,"children":null},"InitializeSensors":{"count":69,"self":0.0039948,"total":0.0039948,"children":null},"AgentSendState":{"count":6166,"self":1.1266756,"total":1.2586709999999999,"children":{"CollectObservations":{"count":27445,"self":0.0049949999999999994,"total":0.0049949999999999994,"children":null},"WriteActionMask":{"count":27445,"self":0.0089985,"total":0.0089985,"children":null},"RequestDecision":{"count":27445,"self":0.11800189999999999,"total":0.11800189999999999,"children":null}}},"DecideAction":{"count":6166,"self":13.4637168,"total":13.6096755,"children":{"RayPerceptionSensor.Perceive":{"count":27445,"self":0.1459586,"total":0.1459586,"children":null}}},"AgentAct":{"count":6166,"self":0.3808029,"total":0.3808029,"children":null}},"gauges":{"RabbitBehavior.CumulativeReward":{"count":5,"max":-50,"min":-109.595764,"runningAverage":-79.34516,"value":-84.60021,"weightedAverage":-75.81116},"RabbitFBehavior.CumulativeReward":{"count":6,"max":-0.09999999,"min":-115.394447,"runningAverage":-68.9987259,"value":-0.09999999,"weightedAverage":-60.08958},"WolfFBehavior.CumulativeReward":{"count":3,"max":-56.4300537,"min":-75.000824,"runningAverage":-64.64362,"value":-75.000824,"weightedAverage":-64.48709},"DeerBehavior.CumulativeReward":{"count":6,"max":-14.8604164,"min":-75.25091,"runningAverage":-49.7837257,"value":-14.8604164,"weightedAverage":-47.1058},"WolfBehavior.CumulativeReward":{"count":3,"max":-62.5,"min":-87.69975,"runningAverage":-70.9000854,"value":-87.69975,"weightedAverage":-68.80003},"LionBehavior.CumulativeReward":{"count":2,"max":64.14908,"min":-8.537498,"runningAverage":27.80579,"value":64.14908,"weightedAverage":9.634146},"DeerFBehavior.CumulativeReward":{"count":7,"max":18.998848,"min":-35.8501053,"runningAverage":-11.1733484,"value":-0.46999982,"weightedAverage":-11.0169344},"LionFBehavior.CumulativeReward":{"count":2,"max":40.82637,"min":0.369750977,"runningAverage":20.59806,"value":0.369750977,"weightedAverage":30.7122154},"GiraffeBehavior.CumulativeReward":{"count":2,"max":-13.2007942,"min":-22.8008118,"runningAverage":-18.000803,"value":-22.8008118,"weightedAverage":-15.6007986},"GiraffeFBehavior.CumulativeReward":{"count":2,"max":-35.400177,"min":-38.59957,"runningAverage":-36.9998741,"value":-35.400177,"weightedAverage":-37.79972}},"metadata":{"timer_format_version":"0.1.0","start_time_seconds":"1654603814","unity_version":"2020.3.32f1","command_line_arguments":"C:\\Program Files\\Unity\\Hub\\Editor\\2020.3.32f1\\Editor\\Unity.exe -projectpath D:\\Files\\Study\\ML_agent\\mltest\\Zooheim -useHub -hubIPC -cloudEnvironment production -licensingIpc LicenseClient-harry -hubSessionId ced90650-e659-11ec-8be8-d5c062bdb48c -accessToken UGHYQAqbveC6sirbgwY-ehbd0fSFjuOgLx660Sr4_9800df","communication_protocol_version":"1.5.0","com.unity.ml-agents_version":"2.2.1-exp.1","scene_name":"ZooheimTestScene","end_time_seconds":"1654603942"}}